{
  "Power<\"7\", \"1\">": {
    "instantiationCount": {
      "mean": 55743,
      "variance": 0
    },
    "symbolCount": {
      "mean": 96612,
      "variance": 0
    },
    "checkTime": {
      "mean": 594.3162496328354,
      "variance": 2532.4833224525896
    }
  },
  "Power<\"7\", \"10\">": {
    "instantiationCount": {
      "mean": 77051,
      "variance": 0
    },
    "symbolCount": {
      "mean": 126513,
      "variance": 0
    },
    "checkTime": {
      "mean": 580.4308780670166,
      "variance": 313.3393918395487
    }
  },
  "Power<\"7\", \"100\">": {
    "instantiationCount": {
      "mean": 383931,
      "variance": 0
    },
    "symbolCount": {
      "mean": 589876,
      "variance": 0
    },
    "checkTime": {
      "mean": 1032.6341371178628,
      "variance": 1303.5829426508515
    }
  },
  "Power<\"7\", \"1000\">": {
    "instantiationCount": {
      "mean": 431159,
      "variance": 0
    },
    "symbolCount": {
      "mean": 623402,
      "variance": 0
    },
    "checkTime": {
      "mean": 1076.3203618049622,
      "variance": 1304.241681886763
    }
  },
  "Power<\"7\", \"10000\">": {
    "instantiationCount": {
      "mean": 680131,
      "variance": 0
    },
    "symbolCount": {
      "mean": 568329,
      "variance": 0
    },
    "checkTime": {
      "mean": 1158.7458346247672,
      "variance": 2277.865297584102
    }
  },
  "Power<\"7\", \"100000\">": {
    "instantiationCount": {
      "mean": 3400540,
      "variance": 0
    },
    "symbolCount": {
      "mean": 571617,
      "variance": 0
    },
    "checkTime": {
      "mean": 2728.4159952402115,
      "variance": 8593.822683872088
    }
  },
  "Power<\"7\", \"1000000\">": {
    "instantiationCount": {
      "mean": 5055776,
      "variance": 0
    },
    "symbolCount": {
      "mean": 571654,
      "variance": 0
    },
    "checkTime": {
      "mean": 3660.402413725853,
      "variance": 7196.507237517899
    }
  },
  "Power<\"7\", \"10000000\">": {
    "instantiationCount": {
      "mean": 5055811,
      "variance": 0
    },
    "symbolCount": {
      "mean": 574370,
      "variance": 0
    },
    "checkTime": {
      "mean": 3606.9498213887214,
      "variance": 4781.141967107438
    }
  },
  "Power<\"7\", \"100000000\">": {
    "instantiationCount": {
      "mean": 5055847,
      "variance": 0
    },
    "symbolCount": {
      "mean": 577387,
      "variance": 0
    },
    "checkTime": {
      "mean": 3745.428570842743,
      "variance": 47163.78159529246
    }
  },
  "Power<\"7\", \"1000000000\">": {
    "instantiationCount": {
      "mean": 5055884,
      "variance": 0
    },
    "symbolCount": {
      "mean": 581487,
      "variance": 0
    },
    "checkTime": {
      "mean": 3617.627482497692,
      "variance": 3858.135535467361
    }
  },
  "Power<\"7\", \"10000000000\">": {
    "instantiationCount": {
      "mean": 5055922,
      "variance": 0
    },
    "symbolCount": {
      "mean": 585203,
      "variance": 0
    },
    "checkTime": {
      "mean": 3606.2516236305237,
      "variance": 3585.254054371616
    }
  },
  "Power<\"7\", \"100000000000\">": {
    "instantiationCount": {
      "mean": 5055961,
      "variance": 0
    },
    "symbolCount": {
      "mean": 590028,
      "variance": 0
    },
    "checkTime": {
      "mean": 3651.98856818676,
      "variance": 12422.328675475554
    }
  },
  "Power<\"7\", \"1000000000000\">": {
    "instantiationCount": {
      "mean": 5056018,
      "variance": 0
    },
    "symbolCount": {
      "mean": 592027,
      "variance": 0
    },
    "checkTime": {
      "mean": 3659.7502230405807,
      "variance": 9913.313016640554
    }
  },
  "Power<\"7\", \"10000000000000\">": {
    "instantiationCount": {
      "mean": 5056077,
      "variance": 0
    },
    "symbolCount": {
      "mean": 598390,
      "variance": 0
    },
    "checkTime": {
      "mean": 3636.8551655054093,
      "variance": 5630.944947722931
    }
  },
  "Power<\"7\", \"100000000000000\">": {
    "instantiationCount": {
      "mean": 5056121,
      "variance": 0
    },
    "symbolCount": {
      "mean": 602802,
      "variance": 0
    },
    "checkTime": {
      "mean": 4007.8225123763086,
      "variance": 84171.32845999213
    }
  },
  "Power<\"7\", \"1000000000000000\">": {
    "instantiationCount": {
      "mean": 5056166,
      "variance": 0
    },
    "symbolCount": {
      "mean": 609431,
      "variance": 0
    },
    "checkTime": {
      "mean": 3721.5210518956183,
      "variance": 25701.383635019094
    }
  },
  "Power<\"7\", \"10000000000000000\">": {
    "instantiationCount": {
      "mean": 5056212,
      "variance": 0
    },
    "symbolCount": {
      "mean": 615671,
      "variance": 0
    },
    "checkTime": {
      "mean": 3678.5838641643522,
      "variance": 10235.820496623643
    }
  },
  "Power<\"7\", \"100000000000000000\">": {
    "instantiationCount": {
      "mean": 5056259,
      "variance": 0
    },
    "symbolCount": {
      "mean": 621648,
      "variance": 0
    },
    "checkTime": {
      "mean": 3678.7023861289026,
      "variance": 10964.249584022571
    }
  },
  "Power<\"7\", \"1000000000000000000\">": {
    "instantiationCount": {
      "mean": 5056307,
      "variance": 0
    },
    "symbolCount": {
      "mean": 629783,
      "variance": 0
    },
    "checkTime": {
      "mean": 3830.3097826600074,
      "variance": 34663.73562379784
    }
  }
}